regime,seed,data_seed,model_seed,n_samples,n_features,n_classes,activation,optimizer,learning_rate,method,initializer,scale,target_loss,initial_train_loss,initial_val_loss,initial_test_loss,initial_val_accuracy,epoch3_val_loss,epoch3_val_accuracy,early_val_drop,early_descent_success,final_epoch,final_train_loss,final_train_accuracy,final_val_loss,final_val_accuracy,final_test_loss,final_test_accuracy
medium,0,100000,1000,6000,32,5,relu,sgd,0.03,ECED,he,0.6,1.6094379124341003,1.6308375476655506,1.635405486424764,1.6301036092970107,0.14888888888888888,0.38279579586452905,0.8922222222222222,1.2526096905602349,1,20,0.0754761220727648,0.9842857142857143,0.4704549094041189,0.8944444444444445,0.5350017356872558,0.8766666666666667
medium,0,100000,1000,6000,32,5,relu,sgd,0.03,He,he,1.0,1.6094379124341003,2.0608871023995534,2.0992424721188017,2.0465383932325576,0.14888888888888888,0.4042903253104952,0.8888888888888888,1.6949521468083064,1,20,0.04666589271454584,0.991904761904762,0.5321064813931783,0.8888888888888888,0.6507049338022868,0.8655555555555555
medium,0,100000,1000,6000,32,5,relu,sgd,0.03,Xavier,xavier,1.0,1.6094379124341003,1.9519480968656995,1.9839753156238131,1.9407494195302328,0.14888888888888888,0.3849016808138953,0.8955555555555555,1.5990736348099177,1,20,0.03430697094826471,0.996904761904762,0.5217125302718746,0.8833333333333333,0.6232880216174655,0.8688888888888889
medium,0,100000,1000,6000,32,5,relu,sgd,0.03,Orthogonal,orthogonal,1.0,1.6094379124341003,1.697706033615839,1.6953521103329128,1.6824608739217122,0.17666666666666667,0.36736760391129386,0.9066666666666666,1.327984506421619,1,20,0.03671024708520799,0.9935714285714285,0.5505154391129812,0.89,0.5920412980185614,0.8844444444444445
medium,1,100001,1001,6000,32,5,relu,sgd,0.03,ECED,he,0.5,1.6094379124341003,1.6087573641822452,1.6113704744974773,1.6099298159281412,0.24444444444444444,0.3782485827472475,0.9088888888888889,1.2331218917502298,1,20,0.0898342926729293,0.981904761904762,0.4462702719618877,0.9011111111111111,0.4040597131020493,0.9033333333333333
medium,1,100001,1001,6000,32,5,relu,sgd,0.03,He,he,1.0,1.6094379124341003,2.0816793605259485,2.1331437789069283,2.0909556198120116,0.24444444444444444,0.3980753591325548,0.9044444444444445,1.7350684197743735,1,20,0.03815178419862475,0.9921428571428571,0.5808742739094628,0.8855555555555555,0.5140357613429013,0.8844444444444445
medium,1,100001,1001,6000,32,5,relu,sgd,0.03,Xavier,xavier,1.0,1.6094379124341003,1.9489672197614398,1.9915257681740655,1.9579873741997613,0.24444444444444444,0.3817453752623664,0.9144444444444444,1.609780392911699,1,20,0.034778093269893104,0.9923809523809524,0.5686534113592158,0.8911111111111111,0.5094394117614461,0.8922222222222222
medium,1,100001,1001,6000,32,5,relu,sgd,0.03,Orthogonal,orthogonal,1.0,1.6094379124341003,1.7334605916341146,1.754130983352661,1.7452821646796333,0.22,0.3753142907884386,0.9111111111111111,1.3788166925642225,1,20,0.04642260988553365,0.9892857142857143,0.4828895988066991,0.9033333333333333,0.4517348888930347,0.9066666666666666
medium,2,100002,1002,6000,32,5,relu,sgd,0.03,ECED,he,0.7,1.6094379124341003,1.643588151477632,1.6459936820136176,1.6505603652530247,0.20666666666666667,0.3668763690524631,0.8888888888888888,1.2791173129611546,1,20,0.046955616644450596,0.9914285714285714,0.48255247367752924,0.8755555555555555,0.6298197799258762,0.8766666666666667
medium,2,100002,1002,6000,32,5,relu,sgd,0.03,He,he,1.0,1.6094379124341003,2.3320440637497675,2.345944752163357,2.3744367959764268,0.20666666666666667,0.3989022962252299,0.8833333333333333,1.9470424559381274,1,20,0.024676934679349262,0.996904761904762,0.5433327727847629,0.8766666666666667,0.7206137777699364,0.8711111111111111
medium,2,100002,1002,6000,32,5,relu,sgd,0.03,Xavier,xavier,1.0,1.6094379124341003,2.134212126958938,2.1452662499745685,2.167958575354682,0.20666666666666667,0.38636927127838133,0.8866666666666667,1.7588969786961872,1,20,0.019761202562422978,0.9966666666666667,0.5315852937433455,0.8855555555555555,0.7228670474472974,0.8755555555555555
medium,2,100002,1002,6000,32,5,relu,sgd,0.03,Orthogonal,orthogonal,1.0,1.6094379124341003,1.8821835218157088,1.8727997822231717,1.901399474673801,0.17333333333333334,0.3609448562728034,0.9033333333333333,1.5118549259503682,1,20,0.023794967844372704,0.996904761904762,0.478786064684391,0.8933333333333333,0.6611999917692608,0.8922222222222222
medium,3,100003,1003,6000,32,5,relu,sgd,0.03,ECED,he,0.6,1.6094379124341003,1.613723852975028,1.6113763570785522,1.6106979433695476,0.23777777777777778,0.44107758455806306,0.8722222222222222,1.1702987725204892,1,20,0.07392767860775902,0.9845238095238096,0.5212518425782522,0.87,0.5633416835467021,0.8711111111111111
medium,3,100003,1003,6000,32,5,relu,sgd,0.03,He,he,1.0,1.6094379124341003,2.225828534080869,2.19878968556722,2.204087585873074,0.23777777777777778,0.45085903777016534,0.8655555555555555,1.7479306477970546,1,20,0.037841614598319646,0.9933333333333333,0.6090727359056473,0.8644444444444445,0.6121797491444482,0.87
medium,3,100003,1003,6000,32,5,relu,sgd,0.03,Xavier,xavier,1.0,1.6094379124341003,2.0649710010346913,2.0431932375166153,2.0464020262824163,0.23777777777777778,0.4343086679114236,0.8711111111111111,1.6088845696051917,1,20,0.030054019831475758,0.9947619047619047,0.6154484978173342,0.8722222222222222,0.6039138800568051,0.88
medium,3,100003,1003,6000,32,5,relu,sgd,0.03,Orthogonal,orthogonal,1.0,1.6094379124341003,1.8354037584577287,1.8479134633806016,1.847711574236552,0.22777777777777777,0.42924209276835124,0.88,1.4186713706122505,1,20,0.029456570943196616,0.9952380952380953,0.5906080278423097,0.8666666666666667,0.6059082134564717,0.8833333333333333
medium,4,100004,1004,6000,32,5,relu,sgd,0.03,ECED,he,0.6,1.6094379124341003,1.631057873680478,1.6375996812184652,1.626876990000407,0.15222222222222223,0.38872725857628715,0.9033333333333333,1.2488724226421781,1,20,0.06725356879688445,0.985,0.43220158517360685,0.8944444444444445,0.4516101993372043,0.9066666666666666
medium,4,100004,1004,6000,32,5,relu,sgd,0.03,He,he,1.0,1.6094379124341003,2.4008577473958335,2.4534933757781983,2.3311397737926907,0.15222222222222223,0.4153934748967489,0.8866666666666667,2.0380999008814493,1,20,0.03533063008671715,0.9947619047619047,0.5287951268090142,0.8877777777777778,0.6125350572748317,0.8777777777777778
medium,4,100004,1004,6000,32,5,relu,sgd,0.03,Xavier,xavier,1.0,1.6094379124341003,2.200225365048363,2.2447525649600557,2.1446541595458983,0.15222222222222223,0.3950391197866864,0.9022222222222223,1.8497134451733692,1,20,0.03933078016553606,0.9923809523809524,0.49497403969367343,0.8944444444444445,0.5535552274642719,0.8888888888888888
medium,4,100004,1004,6000,32,5,relu,sgd,0.03,Orthogonal,orthogonal,1.0,1.6094379124341003,1.795779771350679,1.7981366713841755,1.7593516900804307,0.1411111111111111,0.38471602982944914,0.91,1.4134206415547264,1,20,0.04529032939956302,0.991904761904762,0.4762390038371086,0.9011111111111111,0.5095626551725178,0.9022222222222223
medium,5,100005,1005,6000,32,5,relu,sgd,0.03,ECED,he,0.5,1.6094379124341003,1.5974987102690197,1.596795696152581,1.5973764854007297,0.19111111111111112,0.39653389477067524,0.8933333333333333,1.200261801381906,1,20,0.07910879021599179,0.9835714285714285,0.47972062029772333,0.8955555555555555,0.42517205238342287,0.9088888888888889
medium,5,100005,1005,6000,32,5,relu,sgd,0.03,He,he,1.0,1.6094379124341003,2.0030619739350817,1.9954548570844861,1.9927192380693224,0.19111111111111112,0.4211784750719865,0.8844444444444445,1.5742763820124996,1,20,0.035287112338202344,0.9930952380952381,0.5838074927197562,0.8788888888888889,0.5232313145531549,0.9044444444444445
medium,5,100005,1005,6000,32,5,relu,sgd,0.03,Xavier,xavier,1.0,1.6094379124341003,1.8716807774135045,1.8650412220425077,1.8638278012805516,0.19111111111111112,0.4109137436416414,0.8977777777777778,1.4541274784008662,1,20,0.030546547912416004,0.9938095238095238,0.5586947501367993,0.8977777777777778,0.5237511486477322,0.8988888888888888
medium,5,100005,1005,6000,32,5,relu,sgd,0.03,Orthogonal,orthogonal,1.0,1.6094379124341003,1.7228438241141184,1.726121531592475,1.7210397179921468,0.22444444444444445,0.40063409033748837,0.89,1.3254874412549866,1,20,0.032635182795070466,0.9935714285714285,0.5469387426144547,0.89,0.4910221046871609,0.9033333333333333
medium,6,100006,1006,6000,32,5,relu,sgd,0.03,ECED,he,0.6,1.6094379124341003,1.622377163115002,1.6193854257795546,1.6184471448262532,0.15888888888888889,0.4307119448317422,0.8933333333333333,1.1886734809478123,1,20,0.0704115599110013,0.985,0.5096578444292148,0.8977777777777778,0.4971318631701999,0.8988888888888888
medium,6,100006,1006,6000,32,5,relu,sgd,0.03,He,he,1.0,1.6094379124341003,2.0240146128336587,1.9945472674899631,1.9887442504035102,0.15888888888888889,0.4521525215605895,0.8944444444444445,1.5423947459293736,1,20,0.03784943523861113,0.9930952380952381,0.6559058252613371,0.88,0.5742151440514458,0.8933333333333333
medium,6,100006,1006,6000,32,5,relu,sgd,0.03,Xavier,xavier,1.0,1.6094379124341003,1.9189762151808967,1.8949507448408338,1.889686590830485,0.15888888888888889,0.42393647821413144,0.9,1.4710142666267023,1,20,0.031700799607095265,0.9938095238095238,0.6093514560949471,0.8922222222222222,0.5736467395888435,0.8922222222222222
medium,6,100006,1006,6000,32,5,relu,sgd,0.03,Orthogonal,orthogonal,1.0,1.6094379124341003,1.8029918307349795,1.7983320628272164,1.7890215312110054,0.15,0.3984453141027027,0.9033333333333333,1.3998867487245137,1,20,0.03649656835056487,0.9933333333333333,0.5191616335780256,0.9033333333333333,0.485813658369912,0.9022222222222223
medium,7,100007,1007,6000,32,5,relu,sgd,0.03,ECED,he,0.6,1.6094379124341003,1.6194594210670108,1.6138958258099025,1.6152187013626098,0.18777777777777777,0.39854653202825124,0.9011111111111111,1.2153492937816512,1,20,0.054904095899491086,0.9890476190476191,0.5083051532506943,0.8888888888888888,0.5594111037254333,0.8722222222222222
medium,7,100007,1007,6000,32,5,relu,sgd,0.03,He,he,1.0,1.6094379124341003,2.0787196095784504,2.0271253373887803,2.0573027557796904,0.18777777777777777,0.41988004901342924,0.8911111111111111,1.607245288375351,1,20,0.030888569951057435,0.9938095238095238,0.5676492083258927,0.8933333333333333,0.6474464030398263,0.8733333333333333
medium,7,100007,1007,6000,32,5,relu,sgd,0.03,Xavier,xavier,1.0,1.6094379124341003,1.95736328851609,1.9149091418584188,1.9377732886208427,0.18777777777777777,0.4007718428472678,0.9033333333333333,1.514137299011151,1,20,0.026447499905313764,0.9961904761904762,0.5369803235265944,0.8922222222222222,0.6072720809115304,0.8655555555555555
medium,7,100007,1007,6000,32,5,relu,sgd,0.03,Orthogonal,orthogonal,1.0,1.6094379124341003,1.794155048188709,1.7799904844495986,1.7807503085666232,0.18777777777777777,0.38279267476664647,0.9066666666666666,1.397197809682952,1,20,0.027887427636555263,0.996904761904762,0.5444751849108272,0.9011111111111111,0.596941140294075,0.8788888888888889
medium,8,100008,1008,6000,32,5,relu,sgd,0.03,ECED,he,0.6,1.6094379124341003,1.6263076709565663,1.6306451903449164,1.625555585225423,0.18444444444444444,0.3803575356801351,0.8944444444444445,1.2502876546647812,1,20,0.07670443790299551,0.9847619047619047,0.42475480106141833,0.8955555555555555,0.39469191547897126,0.8944444444444445
medium,8,100008,1008,6000,32,5,relu,sgd,0.03,He,he,1.0,1.6094379124341003,2.1306724403018045,2.1411707581414117,2.1246025212605795,0.18444444444444444,0.3971385696199205,0.8744444444444445,1.7440321885214911,1,20,0.03281525895709083,0.9942857142857143,0.5657077244917552,0.8688888888888889,0.5267416170901722,0.8755555555555555
medium,8,100008,1008,6000,32,5,relu,sgd,0.03,Xavier,xavier,1.0,1.6094379124341003,2.0002556028820218,2.011548643642002,1.9951715352800157,0.18444444444444444,0.3787088492181566,0.8933333333333333,1.632839794423845,1,20,0.03436197263853891,0.9933333333333333,0.5450543088052008,0.8688888888888889,0.5174050279458364,0.8766666666666667
medium,8,100008,1008,6000,32,5,relu,sgd,0.03,Orthogonal,orthogonal,1.0,1.6094379124341003,1.7102623785109747,1.7214785114924114,1.7064608107672796,0.18333333333333332,0.3716915378305647,0.8888888888888888,1.3497869736618466,1,20,0.036278535354705085,0.9930952380952381,0.48918042682939106,0.8733333333333333,0.46501915528542465,0.8811111111111111
medium,9,100009,1009,6000,32,5,relu,sgd,0.03,ECED,he,0.7,1.6094379124341003,1.7147179085867745,1.713606350156996,1.7064189471138849,0.21444444444444444,0.360197372701433,0.8833333333333333,1.353408977455563,1,20,0.05133232695715768,0.9930952380952381,0.4175618572698699,0.8955555555555555,0.5659898743364546,0.8755555555555555
medium,9,100009,1009,6000,32,5,relu,sgd,0.03,He,he,1.0,1.6094379124341003,2.940974622453962,2.9174337747361925,2.9000593598683677,0.21444444444444444,0.3792332308822208,0.8866666666666667,2.538200543853972,1,20,0.041582063010760714,0.9947619047619047,0.4811599440044827,0.88,0.5665024423599243,0.8677777777777778
medium,9,100009,1009,6000,32,5,relu,sgd,0.03,Xavier,xavier,1.0,1.6094379124341003,2.6269317699614025,2.608633120854696,2.592344538370768,0.21444444444444444,0.35984029915597704,0.9011111111111111,2.2487928216987187,1,20,0.025531784154119944,0.9973809523809524,0.4786155854331122,0.8866666666666667,0.6163279807898734,0.8722222222222222
medium,9,100009,1009,6000,32,5,relu,sgd,0.03,Orthogonal,orthogonal,1.0,1.6094379124341003,1.9014356340680802,1.8751324441697863,1.9085794157452054,0.2288888888888889,0.3466380223962996,0.8977777777777778,1.5284944217734866,1,20,0.024160684716133845,0.9973809523809524,0.4441456956995858,0.8955555555555555,0.6088173288106918,0.8833333333333333
hard,0,200000,1000,6000,32,5,relu,sgd,0.03,ECED,he,0.8,1.6094379124341003,1.711145277477446,1.712251370218065,1.7263282664616904,0.19111111111111112,0.8850790709919399,0.7011111111111111,0.8271722992261251,1,20,0.04630836509522938,0.9926190476190476,1.291059863832262,0.7488888888888889,1.3524418524901072,0.7455555555555555
hard,0,200000,1000,6000,32,5,relu,sgd,0.03,He,he,1.0,1.6094379124341003,2.0602850269135975,2.066835782792833,2.102847523159451,0.19111111111111112,0.9027206838130951,0.6933333333333334,1.164115098979738,1,20,0.05193617974008833,0.9923809523809524,1.3813546832402548,0.7522222222222222,1.4302725899219513,0.7255555555555555
hard,0,200000,1000,6000,32,5,relu,sgd,0.03,Xavier,xavier,1.0,1.6094379124341003,1.9488795798165457,1.9535544533199733,1.9835829650031196,0.19111111111111112,0.8624865052435133,0.7233333333333334,1.09106794807646,1,20,0.030047984889575413,0.9959523809523809,1.4120089035563999,0.7533333333333333,1.3444636707835727,0.7533333333333333
hard,0,200000,1000,6000,32,5,relu,sgd,0.03,Orthogonal,orthogonal,1.0,1.6094379124341003,1.690541988554455,1.69052826139662,1.6988616148630777,0.18555555555555556,0.847398944430881,0.7344444444444445,0.8431293169657389,1,20,0.06716422745159695,0.9821428571428571,1.4176355022854275,0.7522222222222222,1.2686222076416016,0.76
hard,1,200001,1001,6000,32,5,relu,sgd,0.03,ECED,he,0.8,1.6094379124341003,1.6889537447974796,1.6838586309221055,1.6760405927234225,0.19,0.9096358606550429,0.7088888888888889,0.7742227702670627,1,20,0.05838543693224589,0.9866666666666667,1.3217814350128174,0.7622222222222222,1.1489836257199446,0.7844444444444445
hard,1,200001,1001,6000,32,5,relu,sgd,0.03,He,he,1.0,1.6094379124341003,2.075534715198335,2.062991818851895,2.0372815397050648,0.19,0.9610331885019938,0.6833333333333333,1.1019586303499012,1,20,0.06347925668671017,0.9866666666666667,1.519345384173923,0.73,1.216988333662351,0.7622222222222222
hard,1,200001,1001,6000,32,5,relu,sgd,0.03,Xavier,xavier,1.0,1.6094379124341003,1.947503654843285,1.9369842841890124,1.9167314518822565,0.19,0.9064906952116224,0.7022222222222222,1.0304935889773899,1,20,0.06363608814421154,0.9871428571428571,1.3829630650414362,0.7544444444444445,1.2423556695050664,0.7611111111111111
hard,1,200001,1001,6000,32,5,relu,sgd,0.03,Orthogonal,orthogonal,1.0,1.6094379124341003,1.7922459920247396,1.7859474568896823,1.7656195614073011,0.20333333333333334,0.8650179399384392,0.7144444444444444,0.920929516951243,1,20,0.05983416818437122,0.9864285714285714,1.261037843492296,0.78,1.120136870721148,0.7777777777777778
hard,2,200002,1002,6000,32,5,relu,sgd,0.03,ECED,he,0.8,1.6094379124341003,1.7227520279657274,1.737002362145318,1.7375889841715495,0.19333333333333333,0.8803325769636366,0.7088888888888889,0.8566697851816812,1,20,0.04721727700460525,0.9914285714285714,1.2943494987156656,0.7611111111111111,1.3348071440060933,0.7477777777777778
hard,2,200002,1002,6000,32,5,relu,sgd,0.03,He,he,1.0,1.6094379124341003,2.297567058744885,2.328273804982503,2.3142471504211426,0.19333333333333333,0.9088435337278578,0.6888888888888889,1.4194302712546454,1,20,0.036184126592817764,0.9964285714285714,1.3346201262540287,0.7566666666666667,1.3413603308465745,0.7466666666666667
hard,2,200002,1002,6000,32,5,relu,sgd,0.03,Xavier,xavier,1.0,1.6094379124341003,2.10983526683989,2.1362402280171713,2.127303943634033,0.19333333333333333,0.835243281589614,0.7366666666666667,1.3009969464275573,1,20,0.02623527379263015,0.9983333333333333,1.3637869161698553,0.7655555555555555,1.3962577215830485,0.75
hard,2,200002,1002,6000,32,5,relu,sgd,0.03,Orthogonal,orthogonal,1.0,1.6094379124341003,1.8164883059547061,1.829308551152547,1.8289652633666993,0.20555555555555555,0.7745062796937094,0.7611111111111111,1.0548022714588376,1,20,0.05019332204546247,0.9890476190476191,1.447896809205413,0.7588888888888888,1.3452557298872205,0.77
hard,3,200003,1003,6000,32,5,relu,sgd,0.03,ECED,he,0.8,1.6094379124341003,1.7486720312209356,1.741292027367486,1.7203725555207994,0.1988888888888889,0.8685775068071153,0.7088888888888889,0.8727145205603706,1,20,0.06703223330633981,0.9866666666666667,1.0167824583583407,0.7711111111111111,1.191481320063273,0.7544444444444445
hard,3,200003,1003,6000,32,5,relu,sgd,0.03,He,he,1.0,1.6094379124341003,2.2930513908749535,2.257328821818034,2.2233587816026477,0.1988888888888889,0.9112560492091709,0.6777777777777778,1.346072772608863,1,20,0.05340480997448876,0.9909523809523809,1.2298991945054796,0.7455555555555555,1.2639946687221526,0.7411111111111112
hard,3,200003,1003,6000,32,5,relu,sgd,0.03,Xavier,xavier,1.0,1.6094379124341003,2.1219660441080728,2.095350815455119,2.063299555248684,0.1988888888888889,0.8633398935529921,0.7033333333333334,1.2320109219021267,1,20,0.06665973742802937,0.9854761904761905,1.117974749803543,0.7488888888888889,1.1850386048687829,0.7533333333333333
hard,3,200003,1003,6000,32,5,relu,sgd,0.03,Orthogonal,orthogonal,1.0,1.6094379124341003,1.8688098834809803,1.852480099995931,1.8369498305850558,0.20333333333333334,0.7946052053239611,0.7322222222222222,1.0578748946719698,1,20,0.06352858282270886,0.9840476190476191,1.191046458615197,0.7466666666666667,1.2240928774409825,0.7622222222222222
hard,4,200004,1004,6000,32,5,relu,sgd,0.03,ECED,he,0.7,1.6094379124341003,1.6753468940371559,1.7031348752975464,1.672272876103719,0.1622222222222222,0.9550161107381185,0.65,0.7481187645594278,1,20,0.08391843750363305,0.9833333333333333,1.166558117336697,0.7577777777777778,1.0917495879862043,0.7555555555555555
hard,4,200004,1004,6000,32,5,relu,sgd,0.03,He,he,1.0,1.6094379124341003,2.4109554545084637,2.543275646633572,2.387565449608697,0.1622222222222222,0.96454048315684,0.66,1.578735163476732,1,20,0.061973736456462314,0.9909523809523809,1.3390608417987824,0.7433333333333333,1.2111820809046427,0.7288888888888889
hard,4,200004,1004,6000,32,5,relu,sgd,0.03,Xavier,xavier,1.0,1.6094379124341003,2.2092090643019904,2.3195450994703504,2.19058733092414,0.1622222222222222,0.895627014901903,0.7011111111111111,1.4239180845684474,1,20,0.04124860712460109,0.9940476190476191,1.3043815252516004,0.7411111111111112,1.2028875221146478,0.75
hard,4,200004,1004,6000,32,5,relu,sgd,0.03,Orthogonal,orthogonal,1.0,1.6094379124341003,1.8424510519845145,1.881045144399007,1.836440176433987,0.17666666666666667,0.8550071011649237,0.7277777777777777,1.0260380432340832,1,20,0.07190869161060878,0.9809523809523809,1.212147562238905,0.77,1.1395321531097093,0.7588888888888888
hard,5,200005,1005,6000,32,5,relu,sgd,0.03,ECED,he,0.8,1.6094379124341003,1.724151120867048,1.7270198816723294,1.7260344081454806,0.20444444444444446,0.8555133575863308,0.7088888888888889,0.8715065240859986,1,20,0.06916038569949923,0.9840476190476191,1.114647809267044,0.7611111111111111,1.1181768883599175,0.7933333333333333
hard,5,200005,1005,6000,32,5,relu,sgd,0.03,He,he,1.0,1.6094379124341003,2.2301233491443453,2.237020681169298,2.2373094844818113,0.20444444444444446,0.8634286517567105,0.6966666666666667,1.3735920294125876,1,20,0.05346761567252023,0.9921428571428571,1.1133204187287224,0.7466666666666667,1.2060561688741047,0.7788888888888889
hard,5,200005,1005,6000,32,5,relu,sgd,0.03,Xavier,xavier,1.0,1.6094379124341003,2.064875786190941,2.0710892317030165,2.0704191382726034,0.20444444444444446,0.8032316851615906,0.73,1.267857546541426,1,20,0.034817043940226236,0.9966666666666667,1.182449877527025,0.7555555555555555,1.3090044116973878,0.7644444444444445
hard,5,200005,1005,6000,32,5,relu,sgd,0.03,Orthogonal,orthogonal,1.0,1.6094379124341003,1.873650661650158,1.8885503980848524,1.9008141941494412,0.20222222222222222,0.7970458756552802,0.7366666666666667,1.091504522429572,1,20,0.07170047930308751,0.9823809523809524,1.2152826515833537,0.7333333333333333,1.2500856314765083,0.7655555555555555
hard,6,200006,1006,6000,32,5,relu,sgd,0.03,ECED,he,0.8,1.6094379124341003,1.6940333193824404,1.682404147254096,1.691143707699246,0.19444444444444445,0.8615278319517772,0.7066666666666667,0.8208763153023189,1,20,0.06129402614775158,0.9857142857142858,1.1686299318737454,0.7655555555555555,1.249269626032975,0.7566666666666667
hard,6,200006,1006,6000,32,5,relu,sgd,0.03,He,he,1.0,1.6094379124341003,2.0231942676362538,1.9966194534301758,2.019050064086914,0.19444444444444445,0.8983986939986547,0.6844444444444444,1.0982207594315212,1,20,0.058501427457446145,0.9902380952380953,1.399632813135783,0.7344444444444445,1.3449307897190252,0.7444444444444445
hard,6,200006,1006,6000,32,5,relu,sgd,0.03,Xavier,xavier,1.0,1.6094379124341003,1.9172270202636719,1.8945494164360894,1.9128846613566082,0.19444444444444445,0.8301812607049942,0.7155555555555555,1.0643681557310951,1,20,0.04089635973884946,0.9942857142857143,1.2039739350477854,0.7733333333333333,1.288265943610006,0.7611111111111111
hard,6,200006,1006,6000,32,5,relu,sgd,0.03,Orthogonal,orthogonal,1.0,1.6094379124341003,1.7379301016671318,1.7153345235188802,1.7270829847123887,0.19111111111111112,0.780193416873614,0.7655555555555555,0.9351411066452662,1,20,0.039264388935906544,0.9947619047619047,1.2313970952563815,0.77,1.2603969288700156,0.76
hard,7,200007,1007,6000,32,5,relu,sgd,0.03,ECED,he,0.8,1.6094379124341003,1.6967015874953497,1.7002386146121555,1.6975893031226263,0.20777777777777778,0.8703738890753852,0.7133333333333334,0.8298647255367704,1,20,0.049561929702758786,0.99,1.168261118705074,0.7722222222222223,1.2670972463819716,0.7555555555555555
hard,7,200007,1007,6000,32,5,relu,sgd,0.03,He,he,1.0,1.6094379124341003,2.0713969094412668,2.0818654007381863,2.074679022894965,0.20777777777777778,0.9014940378401014,0.6822222222222222,1.180371362898085,1,20,0.03828758966355097,0.9940476190476191,1.3567090923504697,0.73,1.385962683359782,0.7388888888888889
hard,7,200007,1007,6000,32,5,relu,sgd,0.03,Xavier,xavier,1.0,1.6094379124341003,1.950334225609189,1.9589334286583795,1.9531320105658636,0.20777777777777778,0.8583047193951077,0.7222222222222222,1.1006287092632718,1,20,0.03139414395604815,0.9954761904761905,1.2173923150698345,0.7588888888888888,1.4011330155531565,0.7533333333333333
hard,7,200007,1007,6000,32,5,relu,sgd,0.03,Orthogonal,orthogonal,1.0,1.6094379124341003,1.7928617640904019,1.7962046421898736,1.7767337375217014,0.21777777777777776,0.7733515016237895,0.7488888888888889,1.0228531405660841,1,20,0.05310277121407645,0.9890476190476191,1.233798074523608,0.7577777777777778,1.3226710764567058,0.7533333333333333
hard,8,200008,1008,6000,32,5,relu,sgd,0.03,ECED,he,0.8,1.6094379124341003,1.6937852369035993,1.675014508565267,1.6854588582780625,0.2111111111111111,0.9118917412228055,0.6855555555555556,0.7631227673424615,1,20,0.05576091868536813,0.9888095238095238,1.3744706047905817,0.7511111111111111,1.3159285985098945,0.7633333333333333
hard,8,200008,1008,6000,32,5,relu,sgd,0.03,He,he,1.0,1.6094379124341003,2.0527887435186476,2.0118822876612343,2.0374067952897814,0.2111111111111111,0.9268210993872749,0.6755555555555556,1.0850611882739596,1,20,0.02979452865464347,0.9985714285714286,1.4396985700395373,0.7322222222222222,1.3868126508924696,0.7333333333333333
hard,8,200008,1008,6000,32,5,relu,sgd,0.03,Xavier,xavier,1.0,1.6094379124341003,1.9367960502987815,1.9013596683078342,1.922843713760376,0.2111111111111111,0.8461858426200018,0.7122222222222222,1.0551738256878322,1,20,0.029602672429311843,0.9978571428571429,1.342244373957316,0.7488888888888889,1.3817999606662326,0.7555555555555555
hard,8,200008,1008,6000,32,5,relu,sgd,0.03,Orthogonal,orthogonal,1.0,1.6094379124341003,1.671372836884998,1.6647884400685629,1.6616156673431397,0.22111111111111112,0.803181087176005,0.75,0.8616073528925579,1,20,0.031021769217082433,0.9964285714285714,1.3551737636990018,0.7711111111111111,1.323565124935574,0.7744444444444445
hard,9,200009,1009,6000,32,5,relu,sgd,0.03,ECED,he,0.7,1.6094379124341003,1.6946732984270367,1.7025377040439182,1.6966045602162678,0.20222222222222222,0.864927860101064,0.7044444444444444,0.8376098439428542,1,20,0.10138300872984386,0.9714285714285714,1.2407910060882568,0.7566666666666667,1.258528980149163,0.7488888888888889
hard,9,200009,1009,6000,32,5,relu,sgd,0.03,He,he,1.0,1.6094379124341003,2.8650283813476562,2.9168404409620496,2.8652935398949517,0.20222222222222222,0.9184759632746379,0.6711111111111111,1.9983644776874119,1,20,0.05199165650776454,0.9914285714285714,1.3880994021892548,0.7488888888888889,1.3708970504336886,0.7333333333333333
hard,9,200009,1009,6000,32,5,relu,sgd,0.03,Xavier,xavier,1.0,1.6094379124341003,2.5636197044735862,2.6056849649217395,2.5644987191094293,0.20222222222222222,0.8409152415063647,0.7255555555555555,1.764769723415375,1,20,0.04436399618784587,0.9923809523809524,1.3740691022078195,0.7622222222222222,1.420642817815145,0.7377777777777778
hard,9,200009,1009,6000,32,5,relu,sgd,0.03,Orthogonal,orthogonal,1.0,1.6094379124341003,1.952378867013114,1.9513155841827392,1.948054281870524,0.2088888888888889,0.7966860185729133,0.7422222222222222,1.154629565609826,1,20,0.053363566795984904,0.9885714285714285,1.2309230010790957,0.77,1.2731774881150988,0.78
